true angle,,time [ms],gyro,accelerometer,filtr komplementarny (żyroskop + akcelerometr),"filtr kroczący, średnia z 5 ostatnich pomiarów (akcelerometr)","filtr kroczący, średnia z 10 ostatnich pomiarów (akcelerometr)"
0,,0,0,"-3,108199009",TODO,TODO,TODO
"4,498125234",,50,"3,998125234","5,65223088",,,
"8,985007498",,100,"7,985007498","19,80064985",,,
"13,44943192",,150,"11,94943192","34,88238579",,,
"17,88023977",,200,"15,88023977","12,19291964",,,
"22,26635633",,250,"19,76635633","24,3424254",,,
"26,5968186",,300,"23,5968186","26,99935886",,,
"30,86080267",,350,"27,36080267","38,43895767",,,
"35,04765081",,400,"31,04765081","35,43426197",,,
"39,14689807",,450,"34,64689807","37,90595803",,,
"43,14829847",,500,"38,14829847","39,62375821",,,
"47,0418506",,550,"41,5418506","63,77357674",,,
"50,81782261",,600,"44,81782261","52,44531447",,,
"54,46677652",,650,"47,96677652","42,4408616",,,
"57,97959185",,700,"50,97959185","58,07991692",,,
"61,3474884",,750,"53,8474884","59,39482422",,,
"64,56204818",,800,"56,56204818","66,10824532",,,
"67,61523646",,850,"59,11523646","57,16727444",,,
"70,49942187",,900,"61,49942187","58,98210807",,,
"73,20739543",,950,"63,70739543","76,76103281",,,
"75,73238863",,1000,"65,73238863","77,51450472",,,
"78,0680903",,1050,"67,5680903","73,55006049",,,
"80,20866241",,1100,"69,20866241","82,23097571",,,
"82,14875462",,1150,"70,64875462","72,80028036",,,
"83,88351774",,1200,"71,88351774","80,70217145",,,
"85,40861574",,1250,"72,90861574","97,26938945",,,
"86,72023669",,1300,"73,72023669","81,74754476",,,
"87,8151022",,1350,"74,3151022","78,23665454",,,
"88,6904757",,1400,"74,6904757","97,53163915",,,
"89,34416919",,1450,"74,84416919","109,3869707",,,
"89,77454879",,1500,"74,77454879","84,56164457",,,
"89,98053878",,1550,"74,48053878","94,97396478",,,
"89,96162427",,1600,"73,96162427","83,62275519",,,
"89,71785256",,1650,"73,21785256","92,53851042",,,
"89,24983294",,1700,"72,24983294","89,56630083",,,
"88,55873522",,1750,"71,05873522","87,99463045",,,
"87,64628678",,1800,"69,64628678","94,21967163",,,
"86,51476827",,1850,"68,01476827","93,64549812",,,
"85,16700789",,1900,"66,16700789","72,78584967",,,
"83,60637435",,1950,"64,10637435","82,92137747",,,
"81,83676841",,2000,"61,83676841","72,43949729",,,
"79,86261318",,2050,"59,36261318","66,69286798",,,
"77,688843",,2100,"56,688843","78,66080545",,,
"75,32089117",,2150,"53,82089117","68,69084704",,,
"72,76467634",,2200,"50,76467634","66,28728555",,,
"70,02658772",,2250,"47,52658772","64,10970155",,,
"67,1134691",,2300,"44,1134691","75,3201842",,,
"64,03260175",,2350,"40,53260175","64,36303722",,,
"60,79168625",,2400,"36,79168625","70,08426771",,,
"57,39882319",,2450,"32,89882319","51,89491357",,,
"53,86249297",,2500,"28,86249297","66,6227646",,,
"50,19153457",,2550,"24,69153457","66,77643804",,,
"46,39512346",,2600,"20,39512346","61,31933204",,,
"42,48274872",,2650,"15,98274872","30,38208712",,,
"38,46418922",,2700,"11,46418922","23,15831113",,,
"34,34948928",,2750,"6,849489285","36,12480921",,,
"30,14893351",,2800,"2,148933514","38,3337573",,,
"25,87302111",,2850,"-2,626978889","18,66364862",,,
"21,53243963",,2900,"-7,467560371","20,30184334",,,
"17,13803826",,2950,"-12,36196174","17,16435368",,,
"12,70080073",,3000,"-17,29919927","4,414945049",,,
"8,231817801",,3050,"-22,2681822","13,29741194",,,
"3,742259619",,3100,"-27,25774038","-9,5784536",,,
"-0,756652263",,3150,"-32,25665226","4,487732512",,,
"-5,253672908",,3200,"-37,25367291","-5,167179759",,,
"-9,737562108",,3250,"-42,23756211","-6,515216338",,,
"-14,19711247",,3300,"-47,19711247","-1,601592273",,,
"-18,62117745",,3350,"-52,12117745","-16,06571765",,,
"-22,99869918",,3400,"-56,99869918","-3,711311491",,,
"-27,31873614",,3450,"-61,81873614","-20,21948632",,,
"-31,57049049",,3500,"-66,57049049","-27,82513228",,,
"-35,74333506",,3550,"-71,24333506","-35,26494525",,,
"-39,8268399",,3600,"-75,8268399","-33,54886714",,,
"-43,81079838",,3650,"-80,31079838","-41,73313238",,,
"-47,68525268",,3700,"-84,68525268","-50,4854407",,,
"-51,44051869",,3750,"-88,94051869","-45,99723674",,,
"-55,06721018",,3800,"-93,06721018","-65,10098245",,,
"-58,55626234",,3850,"-97,05626234","-43,45573882",,,
"-61,89895433",,3900,"-100,8989543","-77,57055699",,,
"-65,08693117",,3950,"-104,5869312","-64,60049722",,,
"-68,11222458",,4000,"-108,1122246","-73,10047447",,,
"-70,9672729",,4050,"-111,4672729","-67,25343994",,,
"-73,64494",,4100,"-114,64494","-80,11122552",,,
"-76,1385331",,4150,"-117,6385331","-73,98088769",,,
"-78,44181952",,4200,"-120,4418195","-78,00710094",,,
"-80,54904224",,4250,"-123,0490422","-70,77844295",,,
"-82,45493431",,4300,"-125,4549343","-82,44026452",,,
"-84,15473198",,4350,"-127,654732","-92,76031768",,,
"-85,64418665",,4400,"-129,6441867","-76,81397415",,,
"-86,91957546",,4450,"-131,4195755","-105,1285006",,,
"-87,97771059",,4500,"-132,9777106","-85,59045433",,,
"-88,81594727",,4550,"-134,3159473","-104,8228286",,,
"-89,43219033",,4600,"-135,4321903","-82,51713314",,,
"-89,82489949",,4650,"-136,3248995","-90,33360328",,,
"-89,99309318",,4700,"-136,9930932","-85,72855883",,,
"-89,93635101",,4750,"-137,436351","-91,52203291",,,
"-89,6548148",,4800,"-137,6548148","-81,45932421",,,
"-89,14918824",,4850,"-137,6491882","-85,13390477",,,
"-88,42073514",,4900,"-137,4207351","-88,52351635",,,
"-87,47127625",,4950,"-136,9712762","-88,58716727",,,
"-86,30318472",,5000,"-136,3031847","-84,54091019",,,
"-84,91938018",,5050,"-135,4193802","-89,36126793",,,
"-83,32332141",,5100,"-134,3233214","-84,53378938",,,
"-81,51899773",,5150,"-133,0189977","-84,31847091",,,
"-79,51091901",,5200,"-131,510919","-79,3755077",,,
"-77,30410441",,5250,"-129,8041044","-71,3115219",,,
"-74,9040698",,5300,"-127,9040698","-58,58719305",,,
"-72,31681403",,5350,"-125,816814","-70,85376841",,,
"-69,54880388",,5400,"-123,5488039","-60,63707814",,,
"-66,60695794",,5450,"-121,1069579","-67,9668194",,,
"-63,4986293",,5500,"-118,4986293","-73,90478944",,,
"-60,23158715",,5550,"-115,7315872","-67,27633397",,,
"-56,81399741",,5600,"-112,8139974","-49,75818696",,,
"-53,25440226",,5650,"-109,7544023","-39,68681057",,,
"-49,56169883",,5700,"-106,5616988","-47,95175136",,,
"-45,74511697",,5750,"-103,245117","-46,25229494",,,
"-41,81419615",,5800,"-99,81419615","-56,0394826",,,
"-37,77876161",,5850,"-96,27876161","-41,66676666",,,
"-33,64889983",,5900,"-92,64889983","-20,74832661",,,
"-29,43493334",,5950,"-88,93493334","-29,92410071",,,
"-25,14739484",,6000,"-85,14739484","-27,67511418",,,
"-20,79700095",,6050,"-81,29700095","-37,31659628",,,
"-16,39462538",,6100,"-77,39462538","-10,35242469",,,
"-11,9512718",,6150,"-73,4512718","-19,25356682",,,
"-7,478046254",,6200,"-69,47804625","-19,07671293",,,
"-2,986129489",,6250,"-65,48612949","-4,87016614",,,
"1,513251044",,6300,"-61,48674896","3,026971186",,,
"6,008849237",,6350,"-57,49115076","5,241533685",,,
"10,48942844",,6400,"-53,51057156","2,238384475",,,
"14,94378953",,6450,"-49,55621047","12,42150806",,,
"19,36079893",,6500,"-45,63920107","23,37782726",,,
"23,72941641",,6550,"-41,77058359","23,57911242",,,
"28,03872272",,6600,"-37,96127728","25,45245545",,,
"32,27794681",,6650,"-34,22205319","39,83021131",,,
"36,43649286",,6700,"-30,56350714","47,15634293",,,
"40,50396664",,6750,"-26,99603336","41,75111985",,,
"44,4702016",,6800,"-23,5297984","51,27053497",,,
"48,32528422",,6850,"-20,17471578","43,46375188",,,
"52,05957879",,6900,"-16,94042121","60,73185961",,,
"55,66375153",,6950,"-13,83624847","72,31908156",,,
"59,12879388",,7000,"-10,87120612","59,28670308",,,
"62,44604504",,7050,"-8,053954956","70,9583828",,,
"65,60721361",,7100,"-5,392786389","60,27008479",,,
"68,60439831",,7150,"-2,895601687","65,53800103",,,
"71,43010775",,7200,"-0,5698922536","72,90282875",,,
"74,07727911",,7250,"1,577279111","72,26291455",,,
"76,53929586",,7300,"3,539295857","67,49176262",,,
"78,81000422",,7350,"5,310004223","69,17400121",,,
"80,88372862",,7400,"6,883728623","80,95766149",,,
"82,75528582",,7450,"8,255285825","83,76479594",,,
"84,41999791",,7500,"9,41999791","73,89783999",,,
"85,87370397",,7550,"10,37370397","83,50372592",,,
"87,11277048",,7600,"11,11277048","76,01031958",,,
"88,13410044",,7650,"11,63410044","87,07090922",,,
"88,93514105",,7700,"11,93514105","83,08225128",,,
"89,51389012",,7750,"12,01389012","89,51681164",,,
"89,86890108",,7800,"11,86890108","91,40329509",,,
"89,9992866",,7850,"11,4992866","87,52533234",,,
"89,90472077",,7900,"10,90472077","108,9167809",,,
"89,58543995",,7950,"10,08543995","88,95019094",,,
"89,0422422",,8000,"9,042242196","87,74608389",,,
"88,27648521",,8050,"7,776485206","86,00651553",,,
"87,29008298",,8100,"6,290082976","90,23592361",,,
"86,085501",,8150,"4,585500999","84,99892024",,,
"84,6657501",,8200,"2,665750101","84,41282558",,,
"83,03437892",,8250,"0,5343789215","83,3184943",,,
"81,19546504",,8300,"-1,804534962","81,12923194",,,
"79,15360478",,8350,"-4,346395222","84,30695135",,,
"76,91390173",,8400,"-7,086098272","82,72054621",,,
"74,48195398",,8450,"-10,01804602","83,00525178",,,
"71,86384014",,8500,"-13,13615986","59,89080875",,,
"69,06610412",,8550,"-16,43389588","56,63011512",,,
"66,09573881",,8600,"-19,90426119","68,69739412",,,
"62,96016857",,8650,"-23,53983143","66,45912024",,,
"59,66723071",,8700,"-27,33276929","59,58036729",,,
"56,22515584",,8750,"-31,27484416","60,05564242",,,
"52,64254736",,8800,"-35,35745264","53,76812777",,,
"48,92835993",,8850,"-39,57164007","49,0096875",,,
"45,09187708",,8900,"-43,90812292","56,59697693",,,
"41,14268802",,8950,"-48,35731198","42,32709128",,,
"37,09066367",,9000,"-52,90933633","27,67948923",,,
"32,94593198",,9050,"-57,55406802","50,41654662",,,
"28,71885261",,9100,"-62,28114739","25,61198824",,,
"24,41999107",,9150,"-67,08000893","23,98384551",,,
"20,06009227",,9200,"-71,93990773","3,660518731",,,
"15,65005368",,9250,"-76,84994632","-2,577303283",,,
"11,20089812",,9300,"-81,79910188","-1,860398337",,,
"6,723746135",,9350,"-86,77625386","17,66913287",,,
"2,229788291",,9400,"-91,77021171","2,443250581",,,
"-2,269742863",,9450,"-96,76974286","-16,46047612",,,
"-6,763600842",,9500,"-101,7636008","-21,16811755",,,
"-11,24055334",,9550,"-106,7405533","-7,322566633",,,
"-15,68941031",,9600,"-111,6894103","-1,850731591",,,
"-20,09905192",,9650,"-116,5990519","-22,19025256",,,
"-24,45845638",,9700,"-121,4584564","-28,05453934",,,
"-28,75672743",,9750,"-126,2567274","-31,43660487",,,
"-32,98312163",,9800,"-130,9831216","-31,58041679",,,
"-37,12707521",,9850,"-135,6270752","-37,17534229",,,
"-41,17823044",,9900,"-140,1782304","-49,84516888",,,
"-45,12646154",,9950,"-144,6264615","-49,86687417",,,
"-48,96189998",,10000,"-148,9619","-53,84530344",,,
"-52,67495917",,10050,"-153,1749592","-52,7549069",,,
"-56,2563584",,10100,"-157,2563584","-54,3203637",,,
"-59,69714603",,10150,"-161,197146","-56,67760773",,,
"-62,98872188",,10200,"-164,9887219","-63,70412345",,,
"-66,12285874",,10250,"-168,6228587","-74,36146091",,,
"-69,09172288",,10300,"-172,0917229","-64,02984258",,,
"-71,8878937",,10350,"-175,3878937","-80,69085096",,,
"-74,50438222",,10400,"-178,5043822","-60,33440697",,,
"-76,93464858",,10450,"-181,4346486","-76,27049982",,,
"-79,1726184",,10500,"-184,1726184","-82,34693675",,,
"-81,2126979",,10550,"-186,7126979","-63,97917456",,,
"-83,04978795",,10600,"-189,0497879","-81,64960905",,,
"-84,67929678",,10650,"-191,1792968","-86,94071154",,,
"-86,09715146",,10700,"-193,0971515","-81,51260783",,,
"-87,29980811",,10750,"-194,7998081","-70,06305348",,,
"-88,28426071",,10800,"-196,2842607","-88,87030196",,,
"-89,04804862",,10850,"-197,5480486","-101,350046",,,
"-89,5892628",,10900,"-198,5892628","-98,57108012",,,
"-89,90655047",,10950,"-199,4065505","-96,77180104",,,
"-89,99911859",,11000,"-199,9991186","-86,16930361",,,
"-89,86673578",,11050,"-200,3667358","-89,61963261",,,
"-89,50973294",,11100,"-200,5097329","-87,46804142",,,
"-88,92900238",,11150,"-200,4290024","-69,34709004",,,
"-88,12599562",,11200,"-200,1259956","-94,87539911",,,
"-87,10271978",,11250,"-199,6027198","-93,2296401",,,
"-85,86173249",,11300,"-198,8617325","-87,61574333",,,
"-84,40613559",,11350,"-197,9061356","-79,67582733",,,
"-82,73956731",,11400,"-196,7395673","-81,39054268",,,
"-80,8661932",,11450,"-195,3661932","-80,8657818",,,
"-78,79069572",,11500,"-193,7906957","-74,40330136",,,
"-76,51826254",,11550,"-192,0182625","-83,18546587",,,
"-74,05457355",,11600,"-190,0545735","-63,81849908",,,
"-71,40578669",,11650,"-187,9057867","-88,63176354",,,
"-68,57852255",,11700,"-185,5785226","-71,8434325",,,
"-65,57984782",,11750,"-183,0798478","-63,60117784",,,
"-62,41725763",,11800,"-180,4172576","-62,18470832",,,
"-59,0986568",,11850,"-177,5986568","-61,23617281",,,
"-55,6323401",,11900,"-174,6323401","-59,5650455",,,
"-52,02697153",,11950,"-171,5269715","-49,62757955",,,
"-48,29156262",,12000,"-168,2915626","-48,29857088",,,
"-44,43544996",,12050,"-164,93545","-49,05600521",,,
"-40,46827181",,12100,"-161,4682718","-38,20249254",,,
"-36,39994406",,12150,"-157,8999441","-33,02498499",,,
"-32,2406354",,12200,"-154,2406354","-31,86324591",,,
"-28,00074195",,12250,"-150,5007419","-21,78627445",,,
"-23,69086122",,12300,"-146,6908612","-21,80187651",,,
"-19,32176568",,12350,"-142,8217657","-2,986166655",,,
"-14,90437579",,12400,"-138,9043758","-5,101111839",,,
"-10,44973272",,12450,"-134,9497327","-1,328934529",,,
"-5,968970762",,12500,"-130,9689708","-8,950065628",,,
"-1,473289484",,12550,"-126,9732895","-17,50278167",,,
"3,02607425",,12600,"-122,9739258","11,8041144",,,
"7,517874374",,12650,"-118,9821256","7,290127688",,,
"11,99088373",,12700,"-115,0091163","10,88480749",,,
"16,43392212",,12750,"-111,0660779","17,42077014",,,
"20,83588426",,12800,"-107,1641157","36,22089129",,,
"25,18576754",,12850,"-103,3142325","30,75155282",,,
"29,47269952",,12900,"-99,52730048","41,34750144",,,
"33,6859651",,12950,"-95,8140349","33,36528906",,,
"37,81503331",,13000,"-92,18496669","47,30184142",,,
"41,84958364",,13050,"-88,65041636","46,95725514",,,
"45,77953179",,13100,"-85,22046821","45,51076779",,,
"49,59505496",,13150,"-81,90494504","54,47775675",,,
"53,28661632",,13200,"-78,71338368","61,51176578",,,
"56,84498889",,13250,"-75,65501111","52,63080205",,,
"60,2612786",,13300,"-72,7387214","60,93332557",,,
"63,52694649",,13350,"-69,97305351","66,36541069",,,
"66,6338301",,13400,"-67,3661699","56,81510076",,,
"69,57416383",,13450,"-64,92583617","69,66291759",,,
"72,34059839",,13500,"-62,65940161","78,80500121",,,
"74,92621913",,13550,"-60,57378087","75,61781487",,,
"77,32456334",,13600,"-58,67543666","83,58646689",,,
"79,52963641",,13650,"-56,97036359","78,54282868",,,
"81,53592681",,13700,"-55,46407319","73,07794911",,,
"83,33841985",,13750,"-54,16158015","82,45525763",,,
"84,93261025",,13800,"-53,06738975","85,24985075",,,
"86,31451335",,13850,"-52,18548665","87,20896188",,,
"87,48067513",,13900,"-51,51932487","92,38166018",,,
"88,42818077",,13950,"-51,07181923","83,81112784",,,
"89,15466201",,14000,"-50,84533799","71,63950876",,,
"89,65830303",,14050,"-50,84169697","77,33662275",,,
"89,93784499",,14100,"-51,06215501","72,6662698",,,
"89,99258917",,14150,"-51,50741083","74,08891384",,,
"89,82239874",,14200,"-52,17760126","93,46770696",,,
"89,4276991",,14250,"-53,0723009","100,7982775",,,
"88,80947678",,14300,"-54,19052322","83,18015541",,,
"87,96927703",,14350,"-55,53072297","88,62979859",,,
"86,90919989",,14400,"-57,09080011","84,02747508",,,
"85,63189501",,14450,"-58,86810499","70,62276418",,,
"84,140555",,14500,"-60,859445","91,2263276",,,
"82,43890741",,14550,"-63,06109259","81,3715558",,,
"80,53120549",,14600,"-65,46879451","79,38565128",,,
"78,4222175",,14650,"-68,0777825","75,83416073",,,
"76,1172148",,14700,"-70,8827852","80,70069267",,,
"73,62195871",,14750,"-73,87804129","82,32122189",,,
"70,94268606",,14800,"-77,05731394","72,99827467",,,
"68,08609365",,14850,"-80,41390635","56,10635165",,,
"65,05932146",,14900,"-83,94067854","62,51790447",,,
"61,86993484",,14950,"-87,63006516","57,14375384",,,
"58,52590561",,15000,"-91,47409439","66,71545426",,,
"55,0355921",,15050,"-95,4644079","55,11545092",,,
"51,40771827",,15100,"-99,59228173","46,97320446",,,
"47,65135191",,15150,"-103,8486481","47,61216125",,,
"43,775882",,15200,"-108,224118","44,123828",,,
"39,79099517",,15250,"-112,7090048","44,08739522",,,
"35,70665158",,15300,"-117,2933484","29,42749761",,,
"31,53305996",,15350,"-121,96694","29,86027681",,,
"27,28065211",,15400,"-126,7193479","15,39868922",,,
"22,96005683",,15450,"-131,5399432","35,61700334",,,
"18,58207337",,15500,"-136,4179266","8,777972998",,,
"14,15764441",,15550,"-141,3423556","22,5824436",,,
"9,697828707",,15600,"-146,3021713","4,045699416",,,
"5,213773483",,15650,"-151,2862265","12,87415605",,,
"0,7166865407",,15700,"-156,2833135","-2,608950216",,,
"-3,782191745",,15750,"-161,2821917","-1,864081334",,,
"-8,27161652",,15800,"-166,2716165","-1,893548939",,,
"-12,74036656",,15850,"-171,2403666","-7,507225753",,,
"-17,17727232",,15900,"-176,1772723","-18,33599054",,,
"-21,57124385",,15950,"-181,0712438","-13,51679082",,,
"-25,9112985",,16000,"-185,9112985","-32,89206635",,,
"-30,1865884",,16050,"-190,6865884","-54,02098728",,,
"-34,38642755",,16100,"-195,3864275","-12,82010521",,,
"-38,50031853",,16150,"-200,0003185","-43,21095816",,,
"-42,51797878",,16200,"-204,5179788","-42,88959096",,,
"-46,42936621",,16250,"-208,9293662","-35,0607616",,,
"-50,22470442",,16300,"-213,2247044","-49,59774556",,,
"-53,89450701",,16350,"-217,394507","-56,1405262",,,
"-57,42960141",,16400,"-221,4296014","-56,41508722",,,
"-60,82115171",,16450,"-225,3211517","-60,00061201",,,
"-64,06068081",,16500,"-229,0606808","-67,15584282",,,
"-67,14009157",,16550,"-232,6400916","-58,81624221",,,
"-70,05168707",,16600,"-236,0516871","-63,84031698",,,
"-72,78818983",,16650,"-239,2881898","-88,21618239",,,
"-75,34276002",,16700,"-242,34276","-80,63807229",,,
"-77,70901255",,16750,"-245,2090126","-79,38379742",,,
"-79,88103302",,16800,"-247,881033","-70,72778284",,,
"-81,85339251",,16850,"-250,3533925","-68,44310719",,,
"-83,62116115",,16900,"-252,6211611","-95,35297064",,,
"-85,17992043",,16950,"-254,6799204","-86,85696786",,,
"-86,52577427",,17000,"-256,5257743","-96,72798511",,,
"-87,65535874",,17050,"-258,1553587","-76,16428101",,,
"-88,56585046",,17100,"-259,5658505","-90,60309771",,,
"-89,25497368",,17150,"-260,7549737","-96,10386762",,,
"-89,72100594",,17200,"-261,7210059","-96,2201374",,,
"-89,96278242",,17250,"-262,4627824","-76,24849125",,,
"-89,9796988",,17300,"-262,9796988","-98,12362233",,,
"-89,77171278",,17350,"-263,2717128","-83,43760988",,,
"-89,33934424",,17400,"-263,3393442","-94,53325624",,,
"-88,68367387",,17450,"-263,1836739","-90,79109727",,,
"-87,80634049",,17500,"-262,8063405","-105,8008493",,,
"-86,70953699",,17550,"-262,209537","-82,88413727",,,
"-85,39600481",,17600,"-261,3960048","-90,63808883",,,
"-83,86902709",,17650,"-260,3690271","-94,95947759",,,
"-82,13242048",,17700,"-259,1324205","-76,46879876",,,
"-80,19052559",,17750,"-257,6905256","-69,86072961",,,
"-78,04819615",,17800,"-256,0481962","-75,8932586",,,
"-75,71078687",,17850,"-254,2107869","-73,53368226",,,
"-73,18414005",,17900,"-252,18414","-67,40009244",,,
"-70,47457099",,17950,"-249,974571","-73,80694719",,,
"-67,58885221",,18000,"-247,5888522","-56,64071401",,,
"-64,5341965",,18050,"-245,0341965","-84,29905456",,,
"-61,3182389",,18100,"-242,3182389","-64,01881428",,,
"-57,94901764",,18150,"-239,4490176","-59,67244761",,,
"-54,43495402",,18200,"-236,434954","-54,4159583",,,
"-50,78483136",,18250,"-233,2848314","-48,62393497",,,
"-47,00777307",,18300,"-230,0077731","-52,1450795",,,
"-43,11321982",,18350,"-226,6132198","-44,3801583",,,
"-39,11090599",,18400,"-223,110906","-38,14104997",,,
"-35,01083525",,18450,"-219,5108353","-34,90123298",,,
"-30,82325566",,18500,"-215,8232557","-18,66135713",,,
"-26,55863399",,18550,"-212,058634","-23,94743093",,,
"-22,22762956",,18600,"-208,2276296","-26,90202752",,,
"-17,84106763",,18650,"-204,3410676","-16,01718627",,,
"-13,40991232",,18700,"-200,4099123","-15,71989764",,,
"-8,945239221",,18750,"-196,4452392","-19,00527681",,,
"-4,458207679",,18800,"-192,4582077","-2,540446528",,,
"0,0399670602",,18850,"-188,4600329","-17,38621967",,,
"4,538041903",,18900,"-184,4619581","5,316846882",,,
"9,024774004",,18950,"-180,475226","-3,345664234",,,
"13,48894887",,19000,"-176,5110511","10,92314009",,,
"17,91940839",,19050,"-172,5805916","7,504898298",,,
"22,30507872",,19100,"-168,6949213","7,01069603",,,
"26,63499797",,19150,"-164,865002","24,06450081",,,
"30,89834359",,19200,"-161,1016564","24,7386478",,,
"35,08445945",,19250,"-157,4155405","23,69547866",,,
"39,18288243",,19300,"-153,8171176","28,15235646",,,
"43,18336861",,19350,"-150,3166314","43,72718326",,,
"47,07591886",,19400,"-146,9240811","37,02163388",,,
"50,85080383",,19450,"-143,6491962","54,83866662",,,
"54,49858827",,19500,"-140,5014117","54,33927661",,,
"58,01015463",,19550,"-137,4898454","47,13437629",,,
"61,37672581",,19600,"-134,6232742","64,40066538",,,
"64,58988713",,19650,"-131,9101129","62,32215088",,,
"67,64160738",,19700,"-129,3583926","67,7547642",,,
"70,52425884",,19750,"-126,9757412","64,00657945",,,
"73,23063638",,19800,"-124,7693636","57,54447739",,,
"75,75397546",,19850,"-122,7460245","67,5739614",,,
"78,08796906",,19900,"-120,9120309","84,37237333",,,
"80,2267834",,19950,"-119,2732166","63,33291806",,,
"82,16507257",,20000,"-117,8349274","82,24567301",,,
"83,89799184",,20050,"-116,6020082","83,93257343",,,
"85,42120983",,20100,"-115,5787902","75,86575211",,,
"86,73091928",,20150,"-114,7690807","74,46338074",,,
"87,8238466",,20200,"-114,1761534","75,68881699",,,
"88,69726004",,20250,"-113,80274","97,11316954",,,
"89,34897653",,20300,"-113,6510235","89,09410861",,,
"89,7773671",,20350,"-113,7226329","88,72516904",,,
"89,98136101",,20400,"-114,018639","88,23172236",,,
"89,96044838",,20450,"-114,5395516","74,68536066",,,
"89,71468149",,20500,"-115,2853185","90,33313882",,,
"89,2446746",,20550,"-116,2553254","81,68837133",,,
"88,55160252",,20600,"-117,4483975","96,90737279",,,
"87,63719754",,20650,"-118,8628025","81,6106364",,,
"86,50374521",,20700,"-120,4962548","101,4944282",,,
"85,15407856",,20750,"-122,3459214","82,98791839",,,
"83,59157107",,20800,"-124,4084289","79,23192643",,,
"81,82012818",,20850,"-126,6798718","78,69789091",,,
"79,84417758",,20900,"-129,1558224","70,98949076",,,
"77,66865812",,20950,"-131,8313419","90,80160817",,,
"75,29900747",,21000,"-134,7009925","88,06759641",,,
"72,74114851",,21050,"-137,7588515","72,78419578",,,
"70,00147456",,21100,"-140,9985254","64,07819902",,,
"67,08683338",,21150,"-144,4131666","59,0345941",,,
"64,00451006",,21200,"-147,9954899","63,609433",,,
"60,7622088",,21250,"-151,7377912","69,56590114",,,
"57,36803365",,21300,"-155,6319663","41,76908728",,,
"53,8304683",,21350,"-159,6695317","50,4888146",,,
"50,15835482",,21400,"-163,8416452","52,90141547",,,
"46,36087156",,21450,"-168,1391284","42,25473945",,,
"42,44751028",,21500,"-172,5524897","53,28909908",,,
"38,42805232",,21550,"-177,0719477","39,20614708",,,
"34,31254425",,21600,"-181,6874558","38,83112982",,,
"30,11127268",,21650,"-186,3887273","41,032603",,,
"25,83473862",,21700,"-191,1652614","32,93651789",,,
"21,49363116",,21750,"-196,0063688","23,24531261",,,
"17,09880082",,21800,"-200,9011992","-0,9069950549",,,
"12,66123238",,21850,"-205,8387676","22,39319206",,,
"8,192017458",,21900,"-210,8079825","8,179618817",,,
"3,702326755",,21950,"-215,7976732","8,518518071",,,
"-0,7966178361",,22000,"-220,7966178","-19,72018784",,,
"-5,293571298",,22050,"-225,7935713","-2,849146759",,,
"-9,777293588",,22100,"-230,7772936","-11,29641284",,,
"-14,23657774",,22150,"-235,7365777","-15,46488629",,,
"-18,66027785",,22200,"-240,6602779","-14,71294871",,,
"-23,037337",,22250,"-245,537337","-24,56032361",,,
"-27,35681479",,22300,"-250,3568148","-43,7043524",,,
"-31,6079148",,22350,"-255,1079148","-33,51623415",,,
"-35,78001148",,22400,"-259,7800115","-51,0270595",,,
"-39,86267677",,22450,"-264,3626768","-35,09567069",,,
"-43,84570612",,22500,"-268,8457061","-46,24900619",,,
"-47,71914404",,22550,"-273,219144","-50,71927732",,,
"-51,47330896",,22600,"-277,473309","-36,83424489",,,
"-55,09881741",,22650,"-281,5988174","-52,01855405",,,
"-58,58660751",,22700,"-285,5866075","-45,61378379",,,
"-61,9279616",,22750,"-289,4279616","-62,78487203",,,
"-65,11452804",,22800,"-293,114528","-65,05629088",,,
"-68,13834208",,22850,"-296,6383421","-68,1861538",,,
"-70,99184574",,22900,"-299,9918457","-48,45409375",,,
"-73,66790676",,22950,"-303,1679068","-64,05462888",,,
"-76,15983638",,23000,"-306,1598364","-74,34935188",,,
"-78,46140607",,23050,"-308,9614061","-82,2711967",,,
"-80,5668631",,23100,"-311,5668631","-64,00343077",,,
"-82,47094494",,23150,"-313,9709449","-71,92302027",,,
"-84,16889237",,23200,"-316,1688924","-87,38592842",,,
"-85,6564614",,23250,"-318,1564614","-83,62155777",,,
"-86,92993388",,23300,"-319,9299339","-87,0935289",,,
"-87,9861268",,23350,"-321,4861268","-88,29876598",,,
"-88,82240023",,23400,"-322,8224002","-97,07054962",,,
"-89,43666392",,23450,"-323,9366639","-89,14840212",,,
"-89,82738252",,23500,"-324,8273825","-87,78862102",,,
"-89,99357945",,23550,"-325,4935794","-92,31928654",,,
"-89,93483929",,23600,"-325,9348393","-87,97757586",,,
"-89,65130888",,23650,"-326,1513089","-91,42920157",,,
"-89,14369688",,23700,"-326,1436969","-94,05771478",,,
"-88,41327207",,23750,"-325,9132721","-77,19086124",,,
"-87,46186012",,23800,"-325,4618601","-86,8109289",,,
"-86,29183907",,23850,"-324,7918391","-83,7113903",,,
"-84,90613336",,23900,"-323,9061334","-79,95216392",,,
"-83,30820653",,23950,"-322,8082065","-85,91759906",,,
"-81,50205258",,24000,"-321,5020526","-69,68933651",,,
"-79,49218594",,24050,"-319,9921859","-89,72069377",,,
"-77,28363023",,24100,"-318,2836302","-83,05495447",,,
"-74,8819057",,24150,"-316,3819057","-71,88375458",,,
"-72,2930154",,24200,"-314,2930154","-64,65635088",,,
"-69,52343021",,24250,"-312,0234302","-75,80081682",,,
"-66,58007266",,24300,"-309,5800727","-82,5338914",,,
"-63,47029959",,24350,"-306,9702996","-49,54455658",,,
"-60,20188383",,24400,"-304,2018838","-61,76245375",,,
"-56,78299472",,24450,"-301,2829947","-57,96282196",,,
"-53,22217769",,24500,"-298,2221777","-42,31131134",,,
"-49,52833293",,24550,"-295,0283329","-63,03050624",,,
"-45,71069314",,24600,"-291,7106931","-41,03366647",,,
"-41,77880041",,24650,"-288,2788004","-40,38175212",,,
"-37,74248245",,24700,"-284,7424824","-37,56177054",,,
"-33,61182793",,24750,"-281,1118279","-37,95866611",,,
"-29,39716135",,24800,"-277,3971613","-19,31951817",,,
"-25,10901717",,24850,"-273,6090172","-24,1358892",,,
"-20,75811353",,24900,"-269,7581135","-41,74463011",,,
"-16,35532542",,24950,"-265,8553254","-15,0760176",,,
"-11,91165751",,25000,"-261,9116575","-34,1908397",,,
"-7,438216658",,25050,"-257,9382167","-13,74341632",,,
"-2,94618414",,25100,"-253,9461841","-11,90600766",,,
"1,553212305",,25150,"-249,9467877","-3,017463563",,,
"6,048726527",,25200,"-245,9512735","0,3083279813",,,
"10,52912208",,25250,"-241,9708779","13,2659126",,,
"14,98320032",,25300,"-238,0167997","14,51021192",,,
"19,39982836",,25350,"-234,1001716","19,31166488",,,
"23,76796692",,25400,"-230,2320331","40,44782992",,,
"28,07669795",,25450,"-226,423302","36,42864322",,,
"32,31525186",,25500,"-222,6847481","32,70346083",,,
"36,47303447",,25550,"-219,0269655","36,0315875",,,
"40,53965348",,25600,"-215,4603465","20,61067696",,,
"44,50494448",,25650,"-211,9950555","45,95995755",,,
"48,35899629",,25700,"-208,6410037","47,69402094",,,
"52,0921758",,25750,"-205,4078242","66,38730495",,,
"55,69515199",,25800,"-202,304848","68,18596078",,,
"59,15891931",,25850,"-199,3410807","72,20594018",,,
"62,47482014",,25900,"-196,5251799","65,63167355",,,
"65,63456646",,25950,"-193,8654335","73,48441607",,,
"68,63026054",,26000,"-191,3697395","64,75546331",,,
"71,45441472",,26050,"-189,0455853","75,1420974",,,
"74,09997007",,26100,"-186,9000299","74,20192511",,,
"76,56031408",,26150,"-184,9396859","74,90417134",,,
"78,82929718",,26200,"-183,1707028","66,08105056",,,
"80,9012481",,26250,"-181,5987519","80,12593901",,,
"82,77098802",,26300,"-180,229012","84,23826333",,,
"84,43384358",,26350,"-179,0661564","85,52328066",,,
"85,8856585",,26400,"-178,1143415","77,37270409",,,
"87,12280401",,26450,"-177,377196","88,09451236",,,
"88,14218788",,26500,"-176,8578121","92,21373341",,,
"88,94126218",,26550,"-176,5587378","92,95784206",,,
"89,51802965",,26600,"-176,4819704","88,66973018",,,
"89,87104866",,26650,"-176,6289513","82,91666086",,,
"89,99943686",,26700,"-177,0005631","92,95217749",,,
"89,90287333",,26750,"-177,5971267","82,81521186",,,
"89,58159944",,26800,"-178,4184006","102,5684076",,,
"89,03641821",,26850,"-179,4635818","87,60307708",,,
"88,2686923",,26900,"-180,7313077","94,13051656",,,
"87,28034063",,26950,"-182,2196594","87,48846577",,,
"86,07383356",,27000,"-183,9261664","88,30278965",,,
"84,65218673",,27050,"-185,8478133","69,6454698",,,
"83,01895352",,27100,"-187,9810465","80,24379655",,,
"81,17821617",,27150,"-190,3217838","80,25743741",,,
"79,13457555",,27200,"-192,8654245","91,74976243",,,
"76,8931397",,27250,"-195,6068603","66,00223258",,,
"74,45951105",,27300,"-198,5404889","76,69257197",,,
"71,8397724",,27350,"-201,6602276","63,48569086",,,
"69,04047174",,27400,"-204,9595283","70,416199",,,
"66,06860585",,27450,"-208,4313942","53,78109257",,,
"62,93160285",,27500,"-212,0683972","70,85475202",,,
"59,63730362",,27550,"-215,8626964","60,82354347",,,
"56,19394219",,27600,"-219,8060578","46,64092625",,,
"52,61012517",,27650,"-223,8898748","52,98796636",,,
"48,89481023",,27700,"-228,1051898","49,71069655",,,
"45,05728373",,27750,"-232,4427163","42,46257209",,,
"41,10713749",,27800,"-236,8928625","36,03278356",,,
"37,05424482",,27850,"-241,4457552","41,60063473",,,
"32,90873583",,27900,"-246,0912642","34,3324924",,,
"28,68097213",,27950,"-250,8190279","35,90062393",,,
"24,38152095",,28000,"-255,6184791","30,9615267",,,
"20,02112866",,28050,"-260,4788713","19,67794693",,,
"15,61069397",,28100,"-265,389306","13,38210327",,,
"11,16124068",,28150,"-270,3387593","0,3871976474",,,
"6,683890103",,28200,"-275,3161099","-2,256980527",,,
"2,189833279",,28250,"-280,3101667","12,05300097",,,
"-2,309696987",,28300,"-285,309697","-13,58485279",,,
"-6,803454214",,28350,"-290,3034542","-9,559823777",,,
"-11,28020635",,28400,"-295,2802063","-15,81738616",,,
"-15,72876384",,28450,"-300,2287638","-14,57252912",,,
"-20,13800762",,28500,"-305,1380076","-18,13580847",,,
"-24,49691686",,28550,"-309,9969169","-29,75311655",,,
"-28,79459657",,28600,"-314,7945966","-29,82683684",,,
"-33,02030478",,28650,"-319,5203048","-31,75005673",,,
"-37,16347943",,28700,"-324,1634794","-39,2966895",,,
"-41,21376474",,28750,"-328,7137647","-30,58139909",,,
"-45,16103709",,28800,"-333,1610371","-61,80460841",,,
"-48,99543037",,28850,"-337,4954304","-44,7194049",,,
"-52,7073606",,28900,"-341,7073606","-55,07689472",,,
"-56,28754987",,28950,"-345,7875499","-55,48517683",,,
"-59,72704958",,29000,"-349,7270496","-52,8873603",,,
"-63,01726277",,29050,"-353,5172628","-60,36008391",,,
"-66,14996562",,29100,"-357,1499656","-60,08152371",,,
"-69,11732801",,29150,"-360,617328","-64,42087621",,,
"-71,91193308",,29200,"-363,9119331","-67,25355445",,,
"-74,52679576",,29250,"-367,0267958","-78,49384467",,,
"-76,95538027",,29300,"-369,9553803","-78,38272775",,,
"-79,1916164",,29350,"-372,6916164","-62,08367623",,,
"-81,22991474",,29400,"-375,2299147","-80,40706796",,,
"-83,06518059",,29450,"-377,5651806","-85,07098258",,,
"-84,69282675",,29500,"-379,6928268","-100,7536458",,,
"-86,10878495",,29550,"-381,608785","-85,1175506",,,
"-87,30951603",,29600,"-383,309516","-82,10421535",,,
"-88,2920188",,29650,"-384,7920188","-107,5864649",,,
"-89,05383749",,29700,"-386,0538375","-92,01047574",,,
"-89,59306797",,29750,"-387,093068","-87,88808184",,,
"-89,90836245",,29800,"-387,9083624","-94,04520342",,,
"-89,99893283",,29850,"-388,4989328","-90,4451727",,,
"-89,86455276",,29900,"-388,8645528","-89,50422806",,,
"-89,5055581",,29950,"-389,0055581","-90,15246802",,,
"-88,92284617",,30000,"-388,9228462","-79,67905143",,,
"-88,11787343",,30050,"-388,6178734","-91,34421544",,,
"-87,09265189",,30100,"-388,0926519","-79,09252139",,,
"-85,84974408",,30150,"-387,3497441","-88,77801586",,,
"-84,39225663",,30200,"-386,3922566","-90,252389",,,
"-82,72383248",,30250,"-385,2238325","-82,42752267",,,
"-80,84864183",,30300,"-383,8486418","-74,96745603",,,
"-78,77137168",,30350,"-382,2713717","-75,17894574",,,
"-76,49721413",,30400,"-380,4972141","-87,70903805",,,
"-74,03185338",,30450,"-378,5318534","-76,75066891",,,
"-71,38145155",,30500,"-376,3814516","-60,77109299",,,
"-68,55263327",,30550,"-374,0526333","-64,97976425",,,
"-65,5524691",,30600,"-371,5524691","-56,71634791",,,
"-62,38845791",,30650,"-368,8884579","-54,39046709",,,
"-59,06850806",,30700,"-366,0685081","-57,4445161",,,
"-55,6009177",,30750,"-363,1009177","-37,55429558",,,
"-51,994354",,30800,"-359,994354","-59,7431069",,,
"-48,2578315",,30850,"-356,7578315","-31,65345705",,,
"-44,40068955",,30900,"-353,4006895","-64,52616225",,,
"-40,432569",,30950,"-349,932569","-32,15291141",,,
"-36,36338808",,31000,"-346,3633881","-17,68888943",,,
"-32,20331763",,31050,"-342,7033176","-35,79478191",,,
"-27,96275566",,31100,"-338,9627557","-30,31270188",,,
"-23,65230136",,31150,"-335,1523014","-17,06909196",,,
"-19,28272863",,31200,"-331,2827286","-17,53864713",,,
"-14,86495911",,31250,"-327,3649591","-16,1325826",,,
"-10,41003494",,31300,"-323,4100349","-15,54500309",,,
"-5,929091109",,31350,"-319,4290911","-11,54558853",,,
"-1,433327634",,31400,"-315,4333276","-11,97865169",,,
"3,066018414",,31450,"-311,4339816","9,866832232",,,
"7,557701012",,31500,"-307,442299","8,683055354",,,
"12,03049329",,31550,"-303,4695067","29,70986361",,,
"16,47321561",,31600,"-299,5267844","19,81607762",,,
"20,87476346",,31650,"-295,6252365","25,65251657",,,
"25,22413528",,31700,"-291,7758647","45,74174356",,,
"29,51045989",,31750,"-287,9895401","45,59754175",,,
"33,72302373",,31800,"-284,2769763","39,72460813",,,
"37,85129757",,31850,"-280,6487024","30,29432628",,,
"41,88496287",,31900,"-277,1150371","47,86353364",,,
"45,81393758",,31950,"-273,6860624","38,11119148",,,
"49,62840131",,32000,"-270,3715987","35,91066602",,,
"53,31881988",,32050,"-267,1811801","76,08286752",,,
"56,87596917",,32100,"-264,1240308","77,06498302",,,
"60,29095816",,32150,"-261,2090418","56,02770867",,,
"63,55525115",,32200,"-258,4447489","67,72700244",,,
"66,66068911",,32250,"-255,8393109","71,18527089",,,
"69,59951006",,32300,"-253,4004899","66,47178633",,,
"72,36436849",,32350,"-251,1356315","76,76960126",,,
"74,94835368",,32400,"-249,0516463","74,58707787",,,
"77,34500702",,32450,"-247,154993","78,16259336",,,
"79,54833812",,32500,"-245,4516619","85,47782964",,,
"81,5528398",,32550,"-243,9471602","80,77238674",,,
"83,35350186",,32600,"-242,6464981","63,42180937",,,
"84,94582357",,32650,"-241,5541764","93,07575739",,,
"86,32582497",,32700,"-240,674175","87,8133176",,,
"87,49005675",,32750,"-240,0099432","88,38958807",,,
"88,43560896",,32800,"-239,564391","82,82362629",,,
"89,16011821",,32850,"-239,3398818","74,02597729",,,
"89,66177359",,32900,"-239,3382264","96,8307854",,,
"89,93932123",,32950,"-239,5606788","91,00680577",,,
"89,99206741",,33000,"-240,0079326","93,10568175",,,
"89,81988029",,33050,"-240,6801197","95,60288213",,,
"89,42319024",,33100,"-241,5768098","86,13417355",,,
"88,80298879",,33150,"-242,6970112","89,24549951",,,
"87,96082612",,33200,"-244,0391739","96,1722224",,,
"86,89880718",,33250,"-245,6011928","86,62185101",,,
"85,61958649",,33300,"-247,3804135","70,62335068",,,
"84,12636142",,33350,"-249,3736386","71,35365933",,,
"82,42286426",,33400,"-251,5771357","83,11985916",,,
"80,51335286",,33450,"-253,9866471","76,76137189",,,
"78,40260002",,33500,"-256,5974","77,51662218",,,
"76,0958815",,33550,"-259,4041185","81,20443525",,,
"73,59896291",,33600,"-262,4010371","71,32168839",,,
"70,91808524",,33650,"-265,5819148","59,8140912",,,
"68,05994929",,33700,"-268,9400507","66,24889978",,,
"65,03169891",,33750,"-272,4683011","73,10498238",,,
"61,84090316",,33800,"-276,1590968","62,81434666",,,
"58,49553735",,33850,"-280,0044626","50,28617039",,,
"55,00396316",,33900,"-283,9960368","52,57423802",,,
"51,37490771",,33950,"-288,1250923","51,50301328",,,
"47,61744175",,34000,"-292,3825582","53,49622616",,,
"43,74095698",,34050,"-296,759043","30,0319011",,,
"39,7551426",,34100,"-301,2448574","44,00371666",,,
"35,66996107",,34150,"-305,8300389","35,80040747",,,
"31,49562321",,34200,"-310,5043768","20,58582882",,,
"27,24256269",,34250,"-315,2574373","29,35550057",,,
"22,92140996",,34300,"-320,07859","9,926387083",,,
"18,54296563",,34350,"-324,9570344","8,460329072",,,
"14,11817355",,34400,"-329,8818264","12,27484804",,,
"9,658093394",,34450,"-334,8419066","0,0534297939",,,
"5,173873029",,34500,"-339,826127","0,879793276",,,
"0,6767206771",,34550,"-344,8232793","-8,429912562",,,
"-3,822123125",,34600,"-349,8221231","-3,241865148",,,
"-8,311413609",,34650,"-354,8114136","-13,48731908",,,
"-12,77992989",,34700,"-359,7799299","-17,78105312",,,
"-17,216503",,34750,"-364,716503","-21,83974527",,,
"-21,61004382",,34800,"-369,6100438","-13,30770759",,,
"-25,94957078",,34850,"-374,4495708","-25,7373172",,,
"-30,22423733",,34900,"-379,2242373","-32,20857445",,,
"-34,42335903",,34950,"-383,923359","-40,89753001",,,
"-38,53644025",,35000,"-388,5364403","-44,93790746",,,
"-42,55320045",,35050,"-393,0532005","-55,63104716",,,