true angle		time [ms]	gyro	accelerometer	filtr komplementarny (żyroskop + akcelerometr)	filtr kroczący, średnia z 5 ostatnich pomiarów (akcelerometr)	filtr kroczący, średnia z 10 ostatnich pomiarów (akcelerometr)
0		0	0	-1,440500708	TODO	TODO	TODO
4,498125234		50	3,998125234	7,145443638			
8,985007498		100	7,985007498	5,977834525			
13,44943192		150	11,94943192	14,34991781			
17,88023977		200	15,88023977	16,62064432			
22,26635633		250	19,76635633	23,47590186			
26,5968186		300	23,5968186	29,27916786			
30,86080267		350	27,36080267	24,87067796			
35,04765081		400	31,04765081	27,87298356			
39,14689807		450	34,64689807	44,83345788			
43,14829847		500	38,14829847	26,55200057			
47,0418506		550	41,5418506	55,039372			
50,81782261		600	44,81782261	30,57142327			
54,46677652		650	47,96677652	59,24538682			
57,97959185		700	50,97959185	45,67355379			
61,3474884		750	53,8474884	62,03686067			
64,56204818		800	56,56204818	79,47420391			
67,61523646		850	59,11523646	76,19648009			
70,49942187		900	61,49942187	67,58359529			
73,20739543		950	63,70739543	54,48506778			
75,73238863		1000	65,73238863	75,05580767			
78,0680903		1050	67,5680903	81,73744323			
80,20866241		1100	69,20866241	78,97336158			
82,14875462		1150	70,64875462	60,84327919			
83,88351774		1200	71,88351774	86,9021633			
85,40861574		1250	72,90861574	78,05726784			
86,72023669		1300	73,72023669	89,51615268			
87,8151022		1350	74,3151022	105,2119495			
88,6904757		1400	74,6904757	103,5601062			
89,34416919		1450	74,84416919	80,36387659			
89,77454879		1500	74,77454879	92,66640636			
89,98053878		1550	74,48053878	102,2485503			
89,96162427		1600	73,96162427	88,69859282			
89,71785256		1650	73,21785256	89,11231061			
89,24983294		1700	72,24983294	93,44288102			
88,55873522		1750	71,05873522	94,92233897			
87,64628678		1800	69,64628678	93,21121993			
86,51476827		1850	68,01476827	96,33845947			
85,16700789		1900	66,16700789	80,26069146			
83,60637435		1950	64,10637435	96,29762876			
81,83676841		2000	61,83676841	76,71053676			
79,86261318		2050	59,36261318	74,20770967			
77,688843		2100	56,688843	77,4173124			
75,32089117		2150	53,82089117	89,40882457			
72,76467634		2200	50,76467634	51,63215363			
70,02658772		2250	47,52658772	73,77387444			
67,1134691		2300	44,1134691	52,34380525			
64,03260175		2350	40,53260175	72,55370532			
60,79168625		2400	36,79168625	67,10006011			
57,39882319		2450	32,89882319	44,75198242			
53,86249297		2500	28,86249297	53,07593135			
50,19153457		2550	24,69153457	51,00711886			
46,39512346		2600	20,39512346	46,014864			
42,48274872		2650	15,98274872	29,23093159			
38,46418922		2700	11,46418922	36,80869076			
34,34948928		2750	6,849489285	31,01311876			
30,14893351		2800	2,148933514	30,47830552			
25,87302111		2850	-2,626978889	38,2389641			
21,53243963		2900	-7,467560371	11,2870166			
17,13803826		2950	-12,36196174	21,0523121			
12,70080073		3000	-17,29919927	-1,949667827			
8,231817801		3050	-22,2681822	9,722116472			
3,742259619		3100	-27,25774038	5,729098732			
-0,756652263		3150	-32,25665226	-10,0583172			
-5,253672908		3200	-37,25367291	-0,5002904092			
-9,737562108		3250	-42,23756211	-5,556653966			
-14,19711247		3300	-47,19711247	-22,05725337			
-18,62117745		3350	-52,12117745	-19,45368348			
-22,99869918		3400	-56,99869918	-30,42441671			
-27,31873614		3450	-61,81873614	-10,07348988			
-31,57049049		3500	-66,57049049	-32,39907881			
-35,74333506		3550	-71,24333506	-43,44328408			
-39,8268399		3600	-75,8268399	-61,14596498			
-43,81079838		3650	-80,31079838	-42,03690974			
-47,68525268		3700	-84,68525268	-41,91547749			
-51,44051869		3750	-88,94051869	-38,25414229			
-55,06721018		3800	-93,06721018	-58,9382694			
-58,55626234		3850	-97,05626234	-59,68243034			
-61,89895433		3900	-100,8989543	-58,07699513			
-65,08693117		3950	-104,5869312	-65,94525873			
-68,11222458		4000	-108,1122246	-73,46978431			
-70,9672729		4050	-111,4672729	-70,96594614			
-73,64494		4100	-114,64494	-86,37675311			
-76,1385331		4150	-117,6385331	-73,20186241			
-78,44181952		4200	-120,4418195	-78,46957783			
-80,54904224		4250	-123,0490422	-88,51743395			
-82,45493431		4300	-125,4549343	-79,67218869			
-84,15473198		4350	-127,654732	-81,58026618			
-85,64418665		4400	-129,6441867	-93,41700636			
-86,91957546		4450	-131,4195755	-88,59980836			
-87,97771059		4500	-132,9777106	-78,45372474			
-88,81594727		4550	-134,3159473	-86,26180761			
-89,43219033		4600	-135,4321903	-95,34895285			
-89,82489949		4650	-136,3248995	-72,31774386			
-89,99309318		4700	-136,9930932	-90,90385612			
-89,93635101		4750	-137,436351	-86,47368298			
-89,6548148		4800	-137,6548148	-99,94711995			
-89,14918824		4850	-137,6491882	-88,40028819			
-88,42073514		4900	-137,4207351	-71,80755626			
-87,47127625		4950	-136,9712762	-83,23961373			
-86,30318472		5000	-136,3031847	-87,03837861			
-84,91938018		5050	-135,4193802	-93,06030436			
-83,32332141		5100	-134,3233214	-87,47823404			
-81,51899773		5150	-133,0189977	-83,35295026			
-79,51091901		5200	-131,510919	-73,9286409			
-77,30410441		5250	-129,8041044	-59,17258078			
-74,9040698		5300	-127,9040698	-88,52610387			
-72,31681403		5350	-125,816814	-76,30278025			
-69,54880388		5400	-123,5488039	-82,00463624			
-66,60695794		5450	-121,1069579	-71,94080438			
-63,4986293		5500	-118,4986293	-61,11114927			
-60,23158715		5550	-115,7315872	-58,5050843			
-56,81399741		5600	-112,8139974	-73,89892284			
-53,25440226		5650	-109,7544023	-65,95804069			
-49,56169883		5700	-106,5616988	-49,93808942			
-45,74511697		5750	-103,245117	-51,36124931			
-41,81419615		5800	-99,81419615	-44,80892586			
-37,77876161		5850	-96,27876161	-27,37907189			
-33,64889983		5900	-92,64889983	-27,19936332			
-29,43493334		5950	-88,93493334	-33,69560871			
-25,14739484		6000	-85,14739484	-32,21822563			
-20,79700095		6050	-81,29700095	-26,28371913			
-16,39462538		6100	-77,39462538	-7,691044227			
-11,9512718		6150	-73,4512718	-10,28918428			
-7,478046254		6200	-69,47804625	-10,71269295			
-2,986129489		6250	-65,48612949	1,387390252			
1,513251044		6300	-61,48674896	2,636637362			
6,008849237		6350	-57,49115076	14,79314654			
10,48942844		6400	-53,51057156	18,79008803			
14,94378953		6450	-49,55621047	18,60131258			
19,36079893		6500	-45,63920107	21,40213945			
23,72941641		6550	-41,77058359	23,2108695			
28,03872272		6600	-37,96127728	28,71232061			
32,27794681		6650	-34,22205319	43,53979812			
36,43649286		6700	-30,56350714	36,03424326			
40,50396664		6750	-26,99603336	24,31703854			
44,4702016		6800	-23,5297984	37,57738024			
48,32528422		6850	-20,17471578	44,3970389			
52,05957879		6900	-16,94042121	51,30206121			
55,66375153		6950	-13,83624847	49,69037096			
59,12879388		7000	-10,87120612	60,80368184			
62,44604504		7050	-8,053954956	63,33611876			
65,60721361		7100	-5,392786389	62,06681623			
68,60439831		7150	-2,895601687	64,83892331			
71,43010775		7200	-0,5698922536	60,80590774			
74,07727911		7250	1,577279111	67,15143946			
76,53929586		7300	3,539295857	84,18107295			
78,81000422		7350	5,310004223	77,29562005			
80,88372862		7400	6,883728623	82,96433826			
82,75528582		7450	8,255285825	85,71956295			
84,41999791		7500	9,41999791	74,36113291			
85,87370397		7550	10,37370397	73,25037457			
87,11277048		7600	11,11277048	74,87592203			
88,13410044		7650	11,63410044	90,40753757			
88,93514105		7700	11,93514105	86,16100177			
89,51389012		7750	12,01389012	86,71573583			
89,86890108		7800	11,86890108	91,41552637			
89,9992866		7850	11,4992866	89,86980451			
89,90472077		7900	10,90472077	98,25274981			
89,58543995		7950	10,08543995	96,82664231			
89,0422422		8000	9,042242196	109,5907922			
88,27648521		8050	7,776485206	73,51981079			
87,29008298		8100	6,290082976	79,45645244			
86,085501		8150	4,585500999	84,77845302			
84,6657501		8200	2,665750101	85,04053244			
83,03437892		8250	0,5343789215	87,40775788			
81,19546504		8300	-1,804534962	79,18142899			
79,15360478		8350	-4,346395222	91,27991817			
76,91390173		8400	-7,086098272	82,82823266			
74,48195398		8450	-10,01804602	77,65552807			
71,86384014		8500	-13,13615986	69,5128493			
69,06610412		8550	-16,43389588	68,16410058			
66,09573881		8600	-19,90426119	66,12110721			
62,96016857		8650	-23,53983143	45,59615714			
59,66723071		8700	-27,33276929	66,92746389			
56,22515584		8750	-31,27484416	73,24907623			
52,64254736		8800	-35,35745264	32,73207914			
48,92835993		8850	-39,57164007	49,24519435			
45,09187708		8900	-43,90812292	47,81077953			
41,14268802		8950	-48,35731198	44,94921499			
37,09066367		9000	-52,90933633	36,86152073			
32,94593198		9050	-57,55406802	31,16551103			
28,71885261		9100	-62,28114739	28,7176712			
24,41999107		9150	-67,08000893	29,2782463			
20,06009227		9200	-71,93990773	26,43214286			
15,65005368		9250	-76,84994632	14,51305581			
11,20089812		9300	-81,79910188	12,5541364			
6,723746135		9350	-86,77625386	6,973713546			
2,229788291		9400	-91,77021171	-12,5036555			
-2,269742863		9450	-96,76974286	-2,398711243			
-6,763600842		9500	-101,7636008	-7,099165881			
-11,24055334		9550	-106,7405533	-10,5700259			
-15,68941031		9600	-111,6894103	-15,58067039			
-20,09905192		9650	-116,5990519	-13,69198545			
-24,45845638		9700	-121,4584564	-36,4994885			
-28,75672743		9750	-126,2567274	-23,22575968			
-32,98312163		9800	-130,9831216	-48,26546808			
-37,12707521		9850	-135,6270752	-34,05746711			
-41,17823044		9900	-140,1782304	-40,66653276			
-45,12646154		9950	-144,6264615	-54,9859063			
-48,96189998		10000	-148,9619	-47,04625813			
-52,67495917		10050	-153,1749592	-37,88826345			
-56,2563584		10100	-157,2563584	-56,2146372			
-59,69714603		10150	-161,197146	-54,02732066			
-62,98872188		10200	-164,9887219	-63,45990064			
-66,12285874		10250	-168,6228587	-68,04042265			
-69,09172288		10300	-172,0917229	-69,00853913			
-71,8878937		10350	-175,3878937	-62,66098551			
-74,50438222		10400	-178,5043822	-63,83378967			
-76,93464858		10450	-181,4346486	-75,63028914			
-79,1726184		10500	-184,1726184	-79,80422187			
-81,2126979		10550	-186,7126979	-83,53654526			
-83,04978795		10600	-189,0497879	-91,13417053			
-84,67929678		10650	-191,1792968	-80,90444042			
-86,09715146		10700	-193,0971515	-73,38097214			
-87,29980811		10750	-194,7998081	-86,050432			
-88,28426071		10800	-196,2842607	-84,91393728			
-89,04804862		10850	-197,5480486	-78,56531542			
-89,5892628		10900	-198,5892628	-80,89803796			
-89,90655047		10950	-199,4065505	-88,00263573			
-89,99911859		11000	-199,9991186	-95,16411244			
-89,86673578		11050	-200,3667358	-80,0330808			
-89,50973294		11100	-200,5097329	-79,88043686			
-88,92900238		11150	-200,4290024	-87,72388979			
-88,12599562		11200	-200,1259956	-87,56214931			
-87,10271978		11250	-199,6027198	-92,27841544			
-85,86173249		11300	-198,8617325	-81,22430739			
-84,40613559		11350	-197,9061356	-91,3210307			
-82,73956731		11400	-196,7395673	-81,21729152			
-80,8661932		11450	-195,3661932	-90,98402714			
-78,79069572		11500	-193,7906957	-79,18659534			
-76,51826254		11550	-192,0182625	-62,47376055			
-74,05457355		11600	-190,0545735	-67,0805299			
-71,40578669		11650	-187,9057867	-76,08213416			
-68,57852255		11700	-185,5785226	-66,45879579			
-65,57984782		11750	-183,0798478	-65,20128058			
-62,41725763		11800	-180,4172576	-55,63789137			
-59,0986568		11850	-177,5986568	-46,51390804			
-55,6323401		11900	-174,6323401	-44,9412536			
-52,02697153		11950	-171,5269715	-56,73370221			
-48,29156262		12000	-168,2915626	-57,38920076			
-44,43544996		12050	-164,93545	-38,77135751			
-40,46827181		12100	-161,4682718	-40,4565381			
-36,39994406		12150	-157,8999441	-42,64108201			
-32,2406354		12200	-154,2406354	-43,86621918			
-28,00074195		12250	-150,5007419	-28,65721734			
-23,69086122		12300	-146,6908612	-34,72685396			
-19,32176568		12350	-142,8217657	0,7609850811			
-14,90437579		12400	-138,9043758	-16,4546147			
-10,44973272		12450	-134,9497327	5,634840956			
-5,968970762		12500	-130,9689708	-25,32582117			
-1,473289484		12550	-126,9732895	-2,492805352			
3,02607425		12600	-122,9739258	12,68484556			
7,517874374		12650	-118,9821256	-2,992026788			
11,99088373		12700	-115,0091163	-3,936681154			
16,43392212		12750	-111,0660779	13,53423461			
20,83588426		12800	-107,1641157	33,60561668			
25,18576754		12850	-103,3142325	31,90966984			
29,47269952		12900	-99,52730048	49,07571285			
33,6859651		12950	-95,8140349	20,70159566			
37,81503331		13000	-92,18496669	32,62293061			
41,84958364		13050	-88,65041636	41,88278631			
45,77953179		13100	-85,22046821	56,90590477			
49,59505496		13150	-81,90494504	58,59352642			
53,28661632		13200	-78,71338368	52,40213323			
56,84498889		13250	-75,65501111	58,6497425			
60,2612786		13300	-72,7387214	73,7898385			
63,52694649		13350	-69,97305351	60,58929087			
66,6338301		13400	-67,3661699	52,63465554			
69,57416383		13450	-64,92583617	48,43995364			
72,34059839		13500	-62,65940161	73,14830225			
74,92621913		13550	-60,57378087	67,8571869			
77,32456334		13600	-58,67543666	74,13400289			
79,52963641		13650	-56,97036359	77,41949729			
81,53592681		13700	-55,46407319	89,91255731			
83,33841985		13750	-54,16158015	86,41907563			
84,93261025		13800	-53,06738975	86,20808492			
86,31451335		13850	-52,18548665	85,6575689			
87,48067513		13900	-51,51932487	91,04713961			
88,42818077		13950	-51,07181923	99,10965017			
89,15466201		14000	-50,84533799	90,93183986			
89,65830303		14050	-50,84169697	93,6937591			
89,93784499		14100	-51,06215501	95,90269292			
89,99258917		14150	-51,50741083	82,79681419			
89,82239874		14200	-52,17760126	83,53060416			
89,4276991		14250	-53,0723009	72,43555489			
88,80947678		14300	-54,19052322	97,89758296			
87,96927703		14350	-55,53072297	104,2760219			
86,90919989		14400	-57,09080011	79,32072771			
85,63189501		14450	-58,86810499	84,85545898			
84,140555		14500	-60,859445	82,06728106			
82,43890741		14550	-63,06109259	81,58726323			
80,53120549		14600	-65,46879451	64,71193448			
78,4222175		14650	-68,0777825	76,15588123			
76,1172148		14700	-70,8827852	77,1698092			
73,62195871		14750	-73,87804129	71,91170179			
70,94268606		14800	-77,05731394	76,47927161			
68,08609365		14850	-80,41390635	77,93128522			
65,05932146		14900	-83,94067854	69,32441548			
61,86993484		14950	-87,63006516	60,28058714			
58,52590561		15000	-91,47409439	58,56422662			
55,0355921		15050	-95,4644079	40,76815192			
51,40771827		15100	-99,59228173	61,93247789			
47,65135191		15150	-103,8486481	48,41670463			
43,775882		15200	-108,224118	43,12619364			
39,79099517		15250	-112,7090048	37,13171668			
35,70665158		15300	-117,2933484	21,33208007			
31,53305996		15350	-121,96694	33,14893383			
27,28065211		15400	-126,7193479	25,79422607			
22,96005683		15450	-131,5399432	13,69397068			
18,58207337		15500	-136,4179266	21,57795652			
14,15764441		15550	-141,3423556	22,46529773			
9,697828707		15600	-146,3021713	9,866673734			
5,213773483		15650	-151,2862265	-4,984476068			
0,7166865407		15700	-156,2833135	-0,2576897811			
-3,782191745		15750	-161,2821917	-4,817755288			
-8,27161652		15800	-166,2716165	-14,54780173			
-12,74036656		15850	-171,2403666	-13,0472359			
-17,17727232		15900	-176,1772723	-12,63091583			
-21,57124385		15950	-181,0712438	-36,95454614			
-25,9112985		16000	-185,9112985	-25,17207521			
-30,1865884		16050	-190,6865884	-32,75163241			
-34,38642755		16100	-195,3864275	-34,42987357			
-38,50031853		16150	-200,0003185	-38,76821349			
-42,51797878		16200	-204,5179788	-46,94914436			
-46,42936621		16250	-208,9293662	-47,74359522			
-50,22470442		16300	-213,2247044	-45,21076922			
-53,89450701		16350	-217,394507	-48,40710911			
-57,42960141		16400	-221,4296014	-59,10436833			
-60,82115171		16450	-225,3211517	-48,4486409			
-64,06068081		16500	-229,0606808	-64,60227286			
-67,14009157		16550	-232,6400916	-61,42834189			
-70,05168707		16600	-236,0516871	-85,07300628			
-72,78818983		16650	-239,2881898	-67,49866294			
-75,34276002		16700	-242,34276	-73,99186668			
-77,70901255		16750	-245,2090126	-76,47853556			
-79,88103302		16800	-247,881033	-90,64689372			
-81,85339251		16850	-250,3533925	-84,52634			
-83,62116115		16900	-252,6211611	-85,64719296			
-85,17992043		16950	-254,6799204	-88,30395188			
-86,52577427		17000	-256,5257743	-88,63246331			
-87,65535874		17050	-258,1553587	-95,2395701			
-88,56585046		17100	-259,5658505	-92,84482414			
-89,25497368		17150	-260,7549737	-86,86214719			
-89,72100594		17200	-261,7210059	-88,69399062			
-89,96278242		17250	-262,4627824	-91,33710358			
-89,9796988		17300	-262,9796988	-89,10445526			
-89,77171278		17350	-263,2717128	-86,28906432			
-89,33934424		17400	-263,3393442	-88,664389			
-88,68367387		17450	-263,1836739	-94,15648945			
-87,80634049		17500	-262,8063405	-86,3892211			
-86,70953699		17550	-262,209537	-78,51678722			
-85,39600481		17600	-261,3960048	-89,03880671			
-83,86902709		17650	-260,3690271	-100,7194875			
-82,13242048		17700	-259,1324205	-86,31298272			
-80,19052559		17750	-257,6905256	-75,64658113			
-78,04819615		17800	-256,0481962	-66,62162093			
-75,71078687		17850	-254,2107869	-74,53209644			
-73,18414005		17900	-252,18414	-83,44486535			
-70,47457099		17950	-249,974571	-70,7758911			
-67,58885221		18000	-247,5888522	-70,14925023			
-64,5341965		18050	-245,0341965	-56,74799507			
-61,3182389		18100	-242,3182389	-54,74159897			
-57,94901764		18150	-239,4490176	-47,48921144			
-54,43495402		18200	-236,434954	-55,37166665			
-50,78483136		18250	-233,2848314	-50,24858493			
-47,00777307		18300	-230,0077731	-31,31816318			
-43,11321982		18350	-226,6132198	-43,3453513			
-39,11090599		18400	-223,110906	-46,17942341			
-35,01083525		18450	-219,5108353	-41,07273637			
-30,82325566		18500	-215,8232557	-29,99786095			
-26,55863399		18550	-212,058634	-22,18539052			
-22,22762956		18600	-208,2276296	-22,87993203			
-17,84106763		18650	-204,3410676	-27,74287843			
-13,40991232		18700	-200,4099123	-14,28357708			
-8,945239221		18750	-196,4452392	-22,25428059			
-4,458207679		18800	-192,4582077	-22,69484001			
0,0399670602		18850	-188,4600329	2,627964275			
4,538041903		18900	-184,4619581	3,278842365			
9,024774004		18950	-180,475226	15,25880765			
13,48894887		19000	-176,5110511	5,920880739			
17,91940839		19050	-172,5805916	27,6217922			
22,30507872		19100	-168,6949213	31,38615667			
26,63499797		19150	-164,865002	29,44201943			
30,89834359		19200	-161,1016564	28,68111406			
35,08445945		19250	-157,4155405	20,91026829			
39,18288243		19300	-153,8171176	37,74184762			
43,18336861		19350	-150,3166314	43,03979217			
47,07591886		19400	-146,9240811	47,78663637			
50,85080383		19450	-143,6491962	50,65510246			
54,49858827		19500	-140,5014117	54,55720548			
58,01015463		19550	-137,4898454	51,07439935			
61,37672581		19600	-134,6232742	77,20326548			
64,58988713		19650	-131,9101129	61,12639205			
67,64160738		19700	-129,3583926	65,43172211			
70,52425884		19750	-126,9757412	77,22658799			
73,23063638		19800	-124,7693636	82,85785782			
75,75397546		19850	-122,7460245	71,45188166			
78,08796906		19900	-120,9120309	77,55747805			
80,2267834		19950	-119,2732166	76,824691			
82,16507257		20000	-117,8349274	81,77824484			
83,89799184		20050	-116,6020082	81,9472746			
85,42120983		20100	-115,5787902	74,42546773			
86,73091928		20150	-114,7690807	91,60377661			
87,8238466		20200	-114,1761534	83,32809875			
88,69726004		20250	-113,80274	77,75715103			
89,34897653		20300	-113,6510235	88,52002782			
89,7773671		20350	-113,7226329	85,01335491			
89,98136101		20400	-114,018639	90,53128503			
89,96044838		20450	-114,5395516	79,71678407			
89,71468149		20500	-115,2853185	89,21537624			
89,2446746		20550	-116,2553254	84,30681975			
88,55160252		20600	-117,4483975	87,8242934			
87,63719754		20650	-118,8628025	103,9136394			
86,50374521		20700	-120,4962548	87,63890691			
85,15407856		20750	-122,3459214	82,29848731			
83,59157107		20800	-124,4084289	76,95761345			
81,82012818		20850	-126,6798718	81,10091583			
79,84417758		20900	-129,1558224	87,36474845			
77,66865812		20950	-131,8313419	72,73045198			
75,29900747		21000	-134,7009925	62,79293821			
72,74114851		21050	-137,7588515	68,47377502			
70,00147456		21100	-140,9985254	58,12337518			
67,08683338		21150	-144,4131666	67,88666222			
64,00451006		21200	-147,9954899	71,10665919			
60,7622088		21250	-151,7377912	62,51181209			
57,36803365		21300	-155,6319663	61,56891576			
53,8304683		21350	-159,6695317	54,0060604			
50,15835482		21400	-163,8416452	49,07898698			
46,36087156		21450	-168,1391284	56,85610785			
42,44751028		21500	-172,5524897	42,75150152			
38,42805232		21550	-177,0719477	53,32635239			
34,31254425		21600	-181,6874558	33,07550115			
30,11127268		21650	-186,3887273	22,37622919			
25,83473862		21700	-191,1652614	22,68469856			
21,49363116		21750	-196,0063688	22,9142277			
17,09880082		21800	-200,9011992	20,4475898			
12,66123238		21850	-205,8387676	12,16679497			
8,192017458		21900	-210,8079825	2,851907858			
3,702326755		21950	-215,7976732	6,420103996			
-0,7966178361		22000	-220,7966178	6,274240738			
-5,293571298		22050	-225,7935713	6,781658939			
-9,777293588		22100	-230,7772936	-9,480487076			
-14,23657774		22150	-235,7365777	-14,04082915			
-18,66027785		22200	-240,6602779	-23,48011449			
-23,037337		22250	-245,537337	-32,5565423			
-27,35681479		22300	-250,3568148	-30,91117079			
-31,6079148		22350	-255,1079148	-32,76754201			
-35,78001148		22400	-259,7800115	-47,80861679			
-39,86267677		22450	-264,3626768	-29,59711659			
-43,84570612		22500	-268,8457061	-48,53263364			
-47,71914404		22550	-273,219144	-35,81972598			
-51,47330896		22600	-277,473309	-51,29467745			
-55,09881741		22650	-281,5988174	-53,85344172			
-58,58660751		22700	-285,5866075	-60,78949269			
-61,9279616		22750	-289,4279616	-63,35827549			
-65,11452804		22800	-293,114528	-66,62833683			
-68,13834208		22850	-296,6383421	-58,5465062			
-70,99184574		22900	-299,9918457	-70,94878859			
-73,66790676		22950	-303,1679068	-82,90449083			
-76,15983638		23000	-306,1598364	-73,26141258			
-78,46140607		23050	-308,9614061	-78,05500553			
-80,5668631		23100	-311,5668631	-69,64985728			
-82,47094494		23150	-313,9709449	-87,5981377			
-84,16889237		23200	-316,1688924	-68,68908568			
-85,6564614		23250	-318,1564614	-73,1041687			
-86,92993388		23300	-319,9299339	-86,84385998			
-87,9861268		23350	-321,4861268	-86,84559895			
-88,82240023		23400	-322,8224002	-97,43219593			
-89,43666392		23450	-323,9366639	-84,98339205			
-89,82738252		23500	-324,8273825	-74,30791714			
-89,99357945		23550	-325,4935794	-101,0524938			
-89,93483929		23600	-325,9348393	-88,50658079			
-89,65130888		23650	-326,1513089	-92,68691532			
-89,14369688		23700	-326,1436969	-89,27760434			
-88,41327207		23750	-325,9132721	-79,47527903			
-87,46186012		23800	-325,4618601	-100,9289808			
-86,29183907		23850	-324,7918391	-75,1837696			
-84,90613336		23900	-323,9061334	-83,09514992			
-83,30820653		23950	-322,8082065	-83,56809445			
-81,50205258		24000	-321,5020526	-79,74540992			
-79,49218594		24050	-319,9921859	-79,11239498			
-77,28363023		24100	-318,2836302	-87,14375972			
-74,8819057		24150	-316,3819057	-83,43531762			
-72,2930154		24200	-314,2930154	-75,05211226			
-69,52343021		24250	-312,0234302	-58,80224651			
-66,58007266		24300	-309,5800727	-55,82802943			
-63,47029959		24350	-306,9702996	-67,28106262			
-60,20188383		24400	-304,2018838	-66,55176309			
-56,78299472		24450	-301,2829947	-63,4612573			
-53,22217769		24500	-298,2221777	-53,32543605			
-49,52833293		24550	-295,0283329	-49,77628001			
-45,71069314		24600	-291,7106931	-35,92216156			
-41,77880041		24650	-288,2788004	-30,46829985			
-37,74248245		24700	-284,7424824	-28,75849183			
-33,61182793		24750	-281,1118279	-41,53668977			
-29,39716135		24800	-277,3971613	-32,32959352			
-25,10901717		24850	-273,6090172	-25,2857773			
-20,75811353		24900	-269,7581135	-18,33666709			
-16,35532542		24950	-265,8553254	-31,32062062			
-11,91165751		25000	-261,9116575	-14,77308397			
-7,438216658		25050	-257,9382167	4,876418937			
-2,94618414		25100	-253,9461841	-16,88003895			
1,553212305		25150	-249,9467877	0,9235515221			
6,048726527		25200	-245,9512735	4,747130354			
10,52912208		25250	-241,9708779	11,48843241			
14,98320032		25300	-238,0167997	21,71847597			
19,39982836		25350	-234,1001716	18,06327428			
23,76796692		25400	-230,2320331	34,23852315			
28,07669795		25450	-226,423302	30,50965827			
32,31525186		25500	-222,6847481	25,27452414			
36,47303447		25550	-219,0269655	19,57539689			
40,53965348		25600	-215,4603465	45,90895134			
44,50494448		25650	-211,9950555	47,42782267			
48,35899629		25700	-208,6410037	48,91053413			
52,0921758		25750	-205,4078242	53,39954485			
55,69515199		25800	-202,304848	50,54134906			
59,15891931		25850	-199,3410807	43,2644492			
62,47482014		25900	-196,5251799	46,08292636			
65,63456646		25950	-193,8654335	61,71369371			
68,63026054		26000	-191,3697395	68,90522356			
71,45441472		26050	-189,0455853	69,01479621			
74,09997007		26100	-186,9000299	78,62756988			
76,56031408		26150	-184,9396859	66,24866882			
78,82929718		26200	-183,1707028	72,36142781			
80,9012481		26250	-181,5987519	76,07136304			
82,77098802		26300	-180,229012	85,33605382			
84,43384358		26350	-179,0661564	85,11113545			
85,8856585		26400	-178,1143415	81,47471369			
87,12280401		26450	-177,377196	108,4808492			
88,14218788		26500	-176,8578121	88,08648742			
88,94126218		26550	-176,5587378	89,30689162			
89,51802965		26600	-176,4819704	90,37815538			
89,87104866		26650	-176,6289513	83,31624599			
89,99943686		26700	-177,0005631	98,43106133			
89,90287333		26750	-177,5971267	91,39969727			
89,58159944		26800	-178,4184006	92,20316202			
89,03641821		26850	-179,4635818	96,61556759			
88,2686923		26900	-180,7313077	88,66848747			
87,28034063		26950	-182,2196594	76,08919627			
86,07383356		27000	-183,9261664	85,05444605			
84,65218673		27050	-185,8478133	87,59525719			
83,01895352		27100	-187,9810465	82,34414153			
81,17821617		27150	-190,3217838	80,83200923			
79,13457555		27200	-192,8654245	87,32065518			
76,8931397		27250	-195,6068603	77,25823356			
74,45951105		27300	-198,5404889	66,84312373			
71,8397724		27350	-201,6602276	68,64027031			
69,04047174		27400	-204,9595283	58,01524248			
66,06860585		27450	-208,4313942	67,13943803			
62,93160285		27500	-212,0683972	63,82571233			
59,63730362		27550	-215,8626964	44,73062731			
56,19394219		27600	-219,8060578	57,52128586			
52,61012517		27650	-223,8898748	56,58581227			
48,89481023		27700	-228,1051898	46,49719455			
45,05728373		27750	-232,4427163	41,4575307			
41,10713749		27800	-236,8928625	37,68343079			
37,05424482		27850	-241,4457552	37,66621835			
32,90873583		27900	-246,0912642	37,99348403			
28,68097213		27950	-250,8190279	14,89320695			
24,38152095		28000	-255,6184791	22,23071623			
20,02112866		28050	-260,4788713	32,74686494			
15,61069397		28100	-265,389306	32,1990726			
11,16124068		28150	-270,3387593	-3,406160145			
6,683890103		28200	-275,3161099	21,1234398			
2,189833279		28250	-280,3101667	4,122179991			
-2,309696987		28300	-285,309697	-15,5056172			
-6,803454214		28350	-290,3034542	-7,727297681			
-11,28020635		28400	-295,2802063	-12,95251695			
-15,72876384		28450	-300,2287638	-17,59623977			
-20,13800762		28500	-305,1380076	-22,63137713			
-24,49691686		28550	-309,9969169	-24,56352893			
-28,79459657		28600	-314,7945966	-32,70011652			
-33,02030478		28650	-319,5203048	-30,27928477			
-37,16347943		28700	-324,1634794	-28,79834581			
-41,21376474		28750	-328,7137647	-36,52171121			
-45,16103709		28800	-333,1610371	-32,64755009			
-48,99543037		28850	-337,4954304	-46,79114382			
-52,7073606		28900	-341,7073606	-48,9785382			
-56,28754987		28950	-345,7875499	-67,20713556			
-59,72704958		29000	-349,7270496	-68,71039703			
-63,01726277		29050	-353,5172628	-77,24345721			
-66,14996562		29100	-357,1499656	-49,84416734			
-69,11732801		29150	-360,617328	-67,77277779			
-71,91193308		29200	-363,9119331	-76,99893601			
-74,52679576		29250	-367,0267958	-69,07858543			
-76,95538027		29300	-369,9553803	-92,30450897			
-79,1916164		29350	-372,6916164	-94,86431856			
-81,22991474		29400	-375,2299147	-72,28701187			
-83,06518059		29450	-377,5651806	-85,09421495			
-84,69282675		29500	-379,6928268	-84,5417804			
-86,10878495		29550	-381,608785	-93,26879636			
-87,30951603		29600	-383,309516	-94,24670931			
-88,2920188		29650	-384,7920188	-87,08465098			
-89,05383749		29700	-386,0538375	-103,3649267			
-89,59306797		29750	-387,093068	-93,99861081			
-89,90836245		29800	-387,9083624	-92,58979677			
-89,99893283		29850	-388,4989328	-72,31155776			
-89,86455276		29900	-388,8645528	-93,8313824			
-89,5055581		29950	-389,0055581	-110,2363055			
-88,92284617		30000	-388,9228462	-89,39664758			
-88,11787343		30050	-388,6178734	-108,3033183			
-87,09265189		30100	-388,0926519	-83,3103697			
-85,84974408		30150	-387,3497441	-103,2452002			
-84,39225663		30200	-386,3922566	-83,14661209			
-82,72383248		30250	-385,2238325	-81,4540542			
-80,84864183		30300	-383,8486418	-94,38369753			
-78,77137168		30350	-382,2713717	-72,96488463			
-76,49721413		30400	-380,4972141	-64,74035361			
-74,03185338		30450	-378,5318534	-73,51337857			
-71,38145155		30500	-376,3814516	-60,8606729			
-68,55263327		30550	-374,0526333	-71,61906363			
-65,5524691		30600	-371,5524691	-66,95074817			
-62,38845791		30650	-368,8884579	-53,8460011			
-59,06850806		30700	-366,0685081	-53,32214658			
-55,6009177		30750	-363,1009177	-49,34511301			
-51,994354		30800	-359,994354	-53,48546115			
-48,2578315		30850	-356,7578315	-51,09853578			
-44,40068955		30900	-353,4006895	-43,64616734			
-40,432569		30950	-349,932569	-38,4158063			
-36,36338808		31000	-346,3633881	-37,40361324			
-32,20331763		31050	-342,7033176	-44,42784505			
-27,96275566		31100	-338,9627557	-34,7646728			
-23,65230136		31150	-335,1523014	-3,300811036			
-19,28272863		31200	-331,2827286	-37,16966957			
-14,86495911		31250	-327,3649591	-12,12912541			
-10,41003494		31300	-323,4100349	-7,599141126			
-5,929091109		31350	-319,4290911	-8,494497874			
-1,433327634		31400	-315,4333276	-13,30258186			
3,066018414		31450	-311,4339816	7,989797598			
7,557701012		31500	-307,442299	1,865375349			
12,03049329		31550	-303,4695067	10,79794312			
16,47321561		31600	-299,5267844	26,69190972			
20,87476346		31650	-295,6252365	30,55437842			
25,22413528		31700	-291,7758647	23,14504226			
29,51045989		31750	-287,9895401	28,01828963			
33,72302373		31800	-284,2769763	29,52563081			
37,85129757		31850	-280,6487024	40,82876212			
41,88496287		31900	-277,1150371	49,2987145			
45,81393758		31950	-273,6860624	46,52886552			
49,62840131		32000	-270,3715987	49,04897393			
53,31881988		32050	-267,1811801	56,54437245			
56,87596917		32100	-264,1240308	56,84318742			
60,29095816		32150	-261,2090418	66,25728298			
63,55525115		32200	-258,4447489	60,36463349			
66,66068911		32250	-255,8393109	63,61106548			
69,59951006		32300	-253,4004899	65,56124036			
72,36436849		32350	-251,1356315	68,55459472			
74,94835368		32400	-249,0516463	74,8760256			
77,34500702		32450	-247,154993	76,39038065			
79,54833812		32500	-245,4516619	94,59110272			
81,5528398		32550	-243,9471602	81,49882735			
83,35350186		32600	-242,6464981	83,47494259			
84,94582357		32650	-241,5541764	90,875518			
86,32582497		32700	-240,674175	93,5548072			
87,49005675		32750	-240,0099432	83,00361937			
88,43560896		32800	-239,564391	94,00566039			
89,16011821		32850	-239,3398818	80,25910482			
89,66177359		32900	-239,3382264	93,99469241			
89,93932123		32950	-239,5606788	86,22329427			
89,99206741		33000	-240,0079326	84,53414221			
89,81988029		33050	-240,6801197	80,62155827			
89,42319024		33100	-241,5768098	98,84665752			
88,80298879		33150	-242,6970112	97,3663165			
87,96082612		33200	-244,0391739	79,57922522			
86,89880718		33250	-245,6011928	92,2633569			
85,61958649		33300	-247,3804135	89,74552167			
84,12636142		33350	-249,3736386	85,2931919			
82,42286426		33400	-251,5771357	83,26191839			
80,51335286		33450	-253,9866471	78,63033326			
78,40260002		33500	-256,5974	67,95035896			
76,0958815		33550	-259,4041185	95,98335523			
73,59896291		33600	-262,4010371	90,04032495			
70,91808524		33650	-265,5819148	72,73099783			
68,05994929		33700	-268,9400507	63,61381268			
65,03169891		33750	-272,4683011	63,4732169			
61,84090316		33800	-276,1590968	62,15613494			
58,49553735		33850	-280,0044626	51,89736721			
55,00396316		33900	-283,9960368	46,39133943			
51,37490771		33950	-288,1250923	39,96636955			
47,61744175		34000	-292,3825582	37,87384468			
43,74095698		34050	-296,759043	57,63815624			
39,7551426		34100	-301,2448574	42,70472735			
35,66996107		34150	-305,8300389	46,12288976			
31,49562321		34200	-310,5043768	38,07360914			
27,24256269		34250	-315,2574373	27,26226864			
22,92140996		34300	-320,07859	22,22691391			
18,54296563		34350	-324,9570344	19,6892323			
14,11817355		34400	-329,8818264	23,81071252			
9,658093394		34450	-334,8419066	9,710065796			
5,173873029		34500	-339,826127	4,038821157			
0,6767206771		34550	-344,8232793	-0,2184809532			
-3,822123125		34600	-349,8221231	8,914811988			
-8,311413609		34650	-354,8114136	10,63424623			
-12,77992989		34700	-359,7799299	-15,16208796			
-17,216503		34750	-364,716503	-40,24416752			
-21,61004382		34800	-369,6100438	-15,16340596			
-25,94957078		34850	-374,4495708	-45,09688968			
-30,22423733		34900	-379,2242373	-29,63720388			
-34,42335903		34950	-383,923359	-33,18024609			
-38,53644025		35000	-388,5364403	-46,59178291			
-42,55320045		35050	-393,0532005	-25,1352125			